metric,score
rouge1,"Score(precision=0.5240761726639174, recall=0.5164609406411964, fmeasure=0.48813699709755287)"
rouge2,"Score(precision=0.2750003463132431, recall=0.26328277298441694, fmeasure=0.2498681871552253)"
rougeL,"Score(precision=0.4338563417029981, recall=0.42507261340158575, fmeasure=0.40241707690768413)"
rougeLsum,"Score(precision=0.4330077769824946, recall=0.42511422355384887, fmeasure=0.4021251370419605)"
